###first_name###last_name###company_name###address###city###state###post###phone1###phone2###email###web######Gwen###Julye###Alphagraphics Printshops###8 Old County Rd #3###Alvie###VIC###3249###03-7063-6734###0465-547-766###gjulye@hotmail.com###http://www.alphagraphicsprintshops.com.au######Ben###Majorga###Voyager Travel Service###13904 S 35th St###Wherrol Flat###NSW###2429###02-8171-9051###0462-648-621###ben.majorga@hotmail.com###http://www.voyagertravelservice.com.au######Trina###Oto###N Amer Plast & Chemls Co Inc###6149 Kapiolani Blvd #6###Placid Hills###QLD###4343###07-1153-8567###0460-377-727###trina@oto.com.au###http://www.namerplastchemlscoinc.com.au######Emelda###Geffers###D L Downing General Contr Inc###95431 34th Ave #62###Nedlands###WA###6909###08-7097-3947###0454-643-433###emelda.geffers@gmail.com###http://www.dldowninggeneralcontrinc.com.au######Zana###Ploszaj###Community Insurance Agy Inc###25 Swift Ave###Auchenflower###QLD###4066###07-7991-8880###0430-656-502###zana_ploszaj@ploszaj.net.au###http://www.communityinsuranceagyinc.com.au######Shaun###Rael###House Of Ing###14304 Old Alexandria Ferry Rd###Buninyong###VIC###3357###03-8998-5485###0498-627-281###shaun.rael@rael.com.au###http://www.houseofing.com.au######Oren###Lobosco###Vei Inc###1585 Salem Church Rd #59###Dangar Island###NSW###2083###02-5046-1307###0495-838-492###olobosco@hotmail.com###http://www.veiinc.com.au######Catherin###Aguele###Hanna, Robert J Esq###75962 E Drinker St###Sunny Nook###QLD###4605###07-6476-1399###0444-150-950###caguele@gmail.com###http://www.hannarobertjesq.com.au######Pearlene###Boudrie###Design Rite Homes Inc###8978 W Henrietta Rd###Minden###QLD###4311###07-4463-7223###0462-627-260###pboudrie@boudrie.net.au###http://www.designritehomesinc.com.au######Kathryn###Bonalumi###State Library###86 Worth St #272###Tibradden###WA###6532###08-3071-2258###0455-699-311###kathryn.bonalumi@yahoo.com###http://www.statelibrary.com.au######Suzan###Landa###Vista Grande Baptist Church###15 Campville Rd #191###Clermont###QLD###4721###07-1576-1412###0471-251-939###suzan.landa@gmail.com###http://www.vistagrandebaptistchurch.com.au######Sommer###Agar###Poole Publications Inc###3 N Ridge Ave###Kadina###SA###5554###08-9130-3372###0486-599-199###sagar@agar.net.au###http://www.poolepublicationsinc.com.au######Keena###Rebich###Affilated Consulting Group Inc###3713 Poway Rd###Sawtell###NSW###2452###02-4972-3570###0468-708-802###krebich@rebich.net.au###http://www.affilatedconsultinggroupinc.com.au######Rupert###Hinkson###Northwestern Mutual Life Ins###1 E 17th St###East Gosford###NSW###2250###02-7160-2066###0489-430-358###rupert_hinkson@hinkson.net.au###http://www.northwesternmutuallifeins.com.au######Aleta###Poarch###Barrett Burke Wilson Castl###5 Liberty Ave###Fosterville###VIC###3557###03-2691-1298###0419-138-629###apoarch@gmail.com###http://www.barrettburkewilsoncastl.com.au######Jamal###Korczynski###Helricks Inc###404 Broxton Ave###Bateau Bay###NSW###2261###02-3877-9654###0427-970-674###jamal_korczynski@gmail.com###http://www.helricksinc.com.au######Luz###Broccoli###Wynn, Mary Ellen Esq###4 S Main St #285###Glenmoral###QLD###4719###07-2679-1774###0416-525-908###luz_broccoli@hotmail.com###http://www.wynnmaryellenesq.com.au######Janessa###Ruthers###Mackraft Signs###1255 W Passaic St #1553###Bolivia###NSW###2372###02-2367-6845###0410-358-989###janessa@yahoo.com###http://www.mackraftsigns.com.au######Lavonne###Esco###Ansaring Answering Service###377 Excalibur Dr###East Melbourne###VIC###3002###03-3474-2120###0444-359-546###lavonne.esco@yahoo.com###http://www.ansaringansweringservice.com.au######Honey###Lymaster###Joiner & Goudeau Law Offices###7 Wilshire Blvd###Taringa###QLD###4068###07-8087-2603###0411-717-109###honey_lymaster@lymaster.net.au###http://www.joinergoudeaulawoffices.com.au######Jean###Cecchinato###Cox, J Thomas Jr###7 Hugh Wallis Rd###Koolan Island###WA###6733###08-5263-2786###0448-530-536###jean.cecchinato@gmail.com###http://www.coxjthomasjr.com.au######Katlyn###Flitcroft###Bill, Michael M###7177 E 14th St###Maleny###QLD###4552###07-1778-9968###0465-519-356###kflitcroft@hotmail.com###http://www.billmichaelm.com.au######Cassie###Soros###A B C Tank Co###67765 W 11th St###Yelverton###WA###6280###08-2666-6390###0423-281-356###csoros@gmail.com###http://www.abctankco.com.au######Rolf###Gene###Jolley, Mark A Cpa###99968 Merced St #79###Flinders###NSW###2529###02-4458-2810###0482-882-653###rolf_gene@gene.com.au###http://www.jolleymarkacpa.com.au######Darnell###Moothart###Melco Embroidery Systems###40 E 19th Ave###Empire Bay###NSW###2257###02-3996-9188###0419-656-117###darnell_moothart@yahoo.com###http://www.melcoembroiderysystems.com.au######Cherilyn###Fraize###Witchs Brew###84826 Plaza Dr###Rose Bay North###NSW###2030###02-4873-1914###0468-743-337###cherilyn_fraize@fraize.net.au###http://www.witchsbrew.com.au######Lynda###Lazzaro###Funding Equity Corp###20214 W Main St###Macks Creek###VIC###3971###03-4933-4205###0472-315-303###lynda.lazzaro@gmail.com###http://www.fundingequitycorp.com.au######Leigha###Capelli###Saturn Of Delray###8039 Howard Ave###East Toowoomba###QLD###4350###07-4823-9785###0432-580-634###leigha.capelli@capelli.com.au###http://www.saturnofdelray.com.au######Delfina###Binnie###Motel 6###8 Austin Bluffs Pky###Bimbijy###WA###6472###08-3692-5784###0460-951-322###delfina_binnie@binnie.net.au###http://www.motel.com.au###