###first_name###last_name###company_name###address###city###state###post###phone1###phone2###email###web######Robt###Blanck###Elan Techlgy A Divsn Mansol###790 E Wisconsin Ave###Woodbury###TAS###7120###03-6517-9318###0415-690-961###robt.blanck@yahoo.com###http://www.elantechlgyadivsnmansol.com.au######Rossana###Biler###Norfolk County Newton Lung###60481 N Clark St###Lee Point###NT###0810###08-9855-2125###0461-569-843###rossana.biler@biler.net.au###http://www.norfolkcountynewtonlung.com.au######Henriette###Gish###Parker Bush & Lane Pc###43 E Main St###Baranduda###VIC###3691###03-9935-5135###0413-952-396###henriette.gish@gish.net.au###http://www.parkerbushlanepc.com.au######Buffy###Stitely###Stylecraft Corporation###5 Madison St #4651###Police Point###TAS###7116###03-1600-5230###0451-121-905###buffy_stitely@stitely.com.au###http://www.stylecraftcorporation.com.au######Christiane###Osmanski###Bennett, Matthew T Esq###85 Nw Frontage Rd###Williamstown###WA###6430###08-9693-9052###0418-813-310###christiane@gmail.com###http://www.bennettmatthewtesq.com.au######Annamae###Lothridge###Highland Meadows Golf Club###584 Meridian St #997###Civic Square###ACT###2608###02-1919-3941###0495-759-817###alothridge@hotmail.com###http://www.highlandmeadowsgolfclub.com.au######Vanesa###Glockner###Nelson, Michael J Esq###28220 Park Avenue W###Taragoola###QLD###4680###07-7052-4547###0496-610-278###vanesa@glockner.com.au###http://www.nelsonmichaeljesq.com.au######Gennie###Pastorino###Henry, Robert J Esq###5 Austin Ave###Charleston###SA###5244###08-4753-2870###0425-685-933###gennie.pastorino@gmail.com###http://www.henryrobertjesq.com.au######Tamra###Kenfield###Mackraft Signs###481 925n N #959###Kealy###WA###6280###08-5614-9153###0438-378-139###tkenfield@kenfield.com.au###http://www.mackraftsigns.com.au######Tien###Kinney###Orco State Empl Fed Crdt Un###9 9th St #4###Lillimur###VIC###3420###03-7767-6169###0468-244-186###tien_kinney@kinney.com.au###http://www.orcostateemplfedcrdtun.com.au######Malcom###Leja###Johnsen, Robert U Esq###56232 Hohman Ave###Officer###VIC###3809###03-2477-9133###0412-417-394###malcom@leja.com.au###http://www.johnsenrobertuesq.com.au######Claudia###Gawrych###Abe Goldstein Ofc Furn###3 Wall St #26###Lilli Pilli###NSW###2229###02-4246-3092###0465-885-293###claudia@gmail.com###http://www.abegoldsteinofcfurn.com.au######Page###Entzi###Roland Ashcroft###63154 Artesia Blvd###Blue Rocks###TAS###7255###03-2484-5500###0497-335-342###page@entzi.net.au###http://www.rolandashcroft.com.au######Lorita###Roches###Village Meadows###32 E Poythress St###Westminster###WA###6061###08-2358-3115###0436-530-773###lorita_roches@roches.net.au###http://www.villagemeadows.com.au######Annita###Lek###Busada Manufacturing Corp###86274 Howell Mill Rd Nw###Karama###NT###0812###08-3384-3181###0426-888-203###annita.lek@lek.net.au###http://www.busadamanufacturingcorp.com.au######Eliseo###Mikovec###Air Flow Co Inc###25488 Brickell Ave###Ocean Shores###NSW###2483###02-9829-2371###0497-955-472###emikovec@mikovec.com.au###http://www.airflowcoinc.com.au######Tyisha###Layland###Freitag Pc###270 5th Ave###Eastwood###SA###5063###08-2158-6758###0490-478-206###tyisha@yahoo.com###http://www.freitagpc.com.au######Colene###Tolbent###Saw Repair & Supply Co###891 Union Pacific Ave #8463###Gloucester###NSW###2422###02-4376-1104###0466-541-467###colene.tolbent@tolbent.net.au###http://www.sawrepairsupplyco.com.au######Francis###Senters###Middendorf Meat Quality Foods###4562 Aurora Ave N###Heidelberg Rgh###VIC###3081###03-5933-7288###0463-965-946###fsenters@gmail.com###http://www.middendorfmeatqualityfoods.com.au######Hester###Dollins###Eagle Plywood & Door Mfrs Inc###4864 N 168th Ave###The Risk###NSW###2474###02-1622-6412###0473-268-319###hester_dollins@gmail.com###http://www.eagleplywooddoormfrsinc.com.au######Susana###Baumgarter###Leigh, Lewis R Esq###7 Elm Ave###Yanco###NSW###2703###02-5410-5137###0491-209-954###susana.baumgarter@yahoo.com###http://www.leighlewisresq.com.au######Dahlia###Tummons###Bare Bones###6508 Adams St #32###Port Fairy###VIC###3284###03-8216-8640###0430-768-907###dahlia.tummons@gmail.com###http://www.barebones.com.au######Osvaldo###Falvey###Avila, Edward G Esq###6434 Westchester Ave #28###Queenton###QLD###4820###07-4854-5045###0437-545-265###osvaldo.falvey@yahoo.com###http://www.avilaedwardgesq.com.au######Armando###Barkley###Oregon Handling Equip Co###70680 S Rider Trl###Watercarrin###WA###6407###08-8161-8201###0465-254-471###armando.barkley@yahoo.com###http://www.oregonhandlingequipco.com.au######Torie###Deras###Reynolds, Stephen R Esq###700 Factory Ave #5649###Yeppoon###QLD###4703###07-8371-4719###0426-991-115###torie_deras@yahoo.com###http://www.reynoldsstephenresq.com.au######Tamie###Hollimon###Credit Union Of The Rockies###3 Cherokee St###Bobalong###WA###6320###08-7046-5484###0423-870-900###tamie@hollimon.com.au###http://www.creditunionoftherockies.com.au######Lettie###Hessenthaler###Sullivan, John M Esq###76542 W Bijou St###Wurdiboluc###VIC###3241###03-5855-5156###0454-956-810###lettie_hessenthaler@hessenthaler.net.au###http://www.sullivanjohnmesq.com.au######Chaya###Muhlbauer###Henry D Lederman###44009 W 63rd #269###North Dandalup###WA###6207###08-5943-4352###0469-609-289###chaya_muhlbauer@muhlbauer.net.au###http://www.henrydlederman.com.au######Terina###Wildeboer###Burress, S Paige Esq###462 Morris Ave###Seddon###VIC###3011###03-9107-7349###0438-810-326###terina_wildeboer@wildeboer.com.au###http://www.burressspaigeesq.com.au###